{"$schema":"http://schema.management.azure.com/schemas/2015-01-01/deploymentTemplate.json#","contentVersion":"1.0.0.0","parameters":{"factoryName":{"type":"string","metadata":"Data Factory name"},"storageOfPortfolioData":{"type":"string"},"httpLinkedToGitHub":{"type":"string"}},"variables":{"factoryId":"[concat('Microsoft.DataFactory/factories/', parameters('factoryName'))]"},"resources":[{"name":"[concat(parameters('factoryName'), '/DynamicGitToRaw')]","type":"Microsoft.DataFactory/factories/pipelines","apiVersion":"2018-06-01","properties":{"activities":[{"name":"ForEachGitData","type":"ForEach","dependsOn":[{"activity":"LookupGitJson","dependencyConditions":["Succeeded"]}],"userProperties":[],"typeProperties":{"items":{"value":"@activity('LookupGitJson').output.value","type":"Expression"},"isSequential":true,"activities":[{"name":"CopyRawData","type":"Copy","dependsOn":[],"policy":{"timeout":"0.12:00:00","retry":0,"retryIntervalInSeconds":30,"secureOutput":false,"secureInput":false},"userProperties":[],"typeProperties":{"source":{"type":"DelimitedTextSource","storeSettings":{"type":"HttpReadSettings","requestMethod":"GET"},"formatSettings":{"type":"DelimitedTextReadSettings"}},"sink":{"type":"DelimitedTextSink","storeSettings":{"type":"AzureBlobFSWriteSettings"},"formatSettings":{"type":"DelimitedTextWriteSettings","quoteAllText":true,"fileExtension":".txt"}},"enableStaging":false,"translator":{"type":"TabularTranslator","typeConversion":true,"typeConversionSettings":{"allowDataTruncation":true,"treatBooleanAsNumber":false}}},"inputs":[{"referenceName":"dynamicGitData","type":"DatasetReference","parameters":{"p_rel_url":{"value":"@item().p_rel_url","type":"Expression"}}}],"outputs":[{"referenceName":"DynamicRawLakeData","type":"DatasetReference","parameters":{"p_folder_name":{"value":"@item().p_folder_name","type":"Expression"},"p_file_name":{"value":"@item().p_file_name","type":"Expression"}}}]}]}},{"name":"LookupGitJson","type":"Lookup","dependsOn":[],"policy":{"timeout":"0.12:00:00","retry":0,"retryIntervalInSeconds":30,"secureOutput":false,"secureInput":false},"userProperties":[],"typeProperties":{"source":{"type":"JsonSource","storeSettings":{"type":"AzureBlobFSReadSettings","recursive":true,"enablePartitionDiscovery":false},"formatSettings":{"type":"JsonReadSettings"}},"dataset":{"referenceName":"JsonGit","type":"DatasetReference","parameters":{}},"firstRowOnly":false}}],"policy":{"elapsedTimeMetric":{}},"annotations":[],"lastPublishTime":"2025-07-07T19:55:00Z"},"dependsOn":["[concat(variables('factoryId'), '/datasets/JsonGit')]","[concat(variables('factoryId'), '/datasets/dynamicGitData')]","[concat(variables('factoryId'), '/datasets/DynamicRawLakeData')]"]},{"name":"[concat(parameters('factoryName'), '/JsonGit')]","type":"Microsoft.DataFactory/factories/datasets","apiVersion":"2018-06-01","properties":{"linkedServiceName":{"referenceName":"[parameters('storageOfPortfolioData')]","type":"LinkedServiceReference"},"annotations":[],"type":"Json","typeProperties":{"location":{"type":"AzureBlobFSLocation","fileName":"git.json","fileSystem":"parameters"}},"schema":{"type":"object","properties":{"p_rel_url":{"type":"string"},"p_folder_name":{"type":"string"},"p_file_name":{"type":"string"}}}},"dependsOn":[]},{"name":"[concat(parameters('factoryName'), '/dynamicGitData')]","type":"Microsoft.DataFactory/factories/datasets","apiVersion":"2018-06-01","properties":{"linkedServiceName":{"referenceName":"[parameters('httpLinkedToGitHub')]","type":"LinkedServiceReference"},"parameters":{"p_rel_url":{"type":"string"}},"annotations":[],"type":"DelimitedText","typeProperties":{"location":{"type":"HttpServerLocation","relativeUrl":{"value":"@dataset().p_rel_url","type":"Expression"}},"columnDelimiter":",","escapeChar":"\\","firstRowAsHeader":true,"quoteChar":"\""},"schema":[]},"dependsOn":[]},{"name":"[concat(parameters('factoryName'), '/DynamicRawLakeData')]","type":"Microsoft.DataFactory/factories/datasets","apiVersion":"2018-06-01","properties":{"linkedServiceName":{"referenceName":"[parameters('storageOfPortfolioData')]","type":"LinkedServiceReference"},"parameters":{"p_folder_name":{"type":"string"},"p_file_name":{"type":"string"}},"annotations":[],"type":"DelimitedText","typeProperties":{"location":{"type":"AzureBlobFSLocation","fileName":{"value":"@dataset().p_file_name","type":"Expression"},"folderPath":{"value":"@dataset().p_folder_name","type":"Expression"},"fileSystem":"bronze"},"columnDelimiter":",","escapeChar":"\\","firstRowAsHeader":true,"quoteChar":"\""},"schema":[]},"dependsOn":[]}]}